<?xml version="1.0" encoding="UTF-8"?>
<metadata xml:lang="en"><Esri><CreaDate>20170109</CreaDate><CreaTime>10225000</CreaTime><ArcGISFormat>1.0</ArcGISFormat><SyncOnce>TRUE</SyncOnce><DataProperties><lineage><Process ToolSource="c:\program files (x86)\arcgis\desktop10.3\ArcToolbox\Toolboxes\Conversion Tools.tbx\RasterToPolygon" Date="20170109" Time="102250">RasterToPolygon mcdonogh C:\Users\jncole\Desktop\Work\Shapefiles\McDonogh\McDonogh.shp NO_SIMPLIFY VALUE</Process><Process ToolSource="c:\program files (x86)\arcgis\desktop10.3\ArcToolbox\Toolboxes\Data Management Tools.tbx\AddField" Date="20170109" Time="102550">AddField McDonogh km2 DOUBLE # # # # NULLABLE NON_REQUIRED #</Process><Process ToolSource="c:\program files (x86)\arcgis\desktop10.3\ArcToolbox\Toolboxes\Data Management Tools.tbx\AddField" Date="20170109" Time="104457">AddField McDonogh SqMiles DOUBLE # # # # NULLABLE NON_REQUIRED #</Process><Process ToolSource="c:\program files (x86)\arcgis\desktop10.3\ArcToolbox\Toolboxes\Data Management Tools.tbx\AddField" Date="20170109" Time="104816">AddField McDonogh ha DOUBLE # # # # NULLABLE NON_REQUIRED #</Process><Process ToolSource="c:\program files (x86)\arcgis\desktop10.3\ArcToolbox\Toolboxes\Data Management Tools.tbx\DeleteField" Date="20170109" Time="104915">DeleteField McDonogh GRIDCODE</Process><Process ToolSource="c:\program files (x86)\arcgis\desktop10.3\ArcToolbox\Toolboxes\Data Management Tools.tbx\DeleteField" Date="20170109" Time="105436">DeleteField McDonogh ID</Process></lineage><itemProps><itemLocation><linkage Sync="TRUE">file://\\aquifer.umbc.edu\gisdata\zReorganization\BES Watersheds\Boundaries 2016\30m\Shapefile\mcdonogh_30m</linkage><protocol Sync="TRUE">Local Area Network</protocol></itemLocation></itemProps><copyHistory><copy source="Z:\zReorganization\BES Watersheds\Boundaries 2016\30m\mcdonogh_30m" dest="\\aquifer.umbc.edu\gisdata\zReorganization\BES Watersheds\Boundaries 2016\30m\Shapefile\mcdonogh_30m" date="20170908" time="09275700"></copy></copyHistory></DataProperties></Esri></metadata>
