<?xml version="1.0" encoding="UTF-8"?>
<metadata xml:lang="en"><Esri><CreaDate>20170109</CreaDate><CreaTime>10225000</CreaTime><ArcGISFormat>1.0</ArcGISFormat><SyncOnce>TRUE</SyncOnce><DataProperties><lineage><Process ToolSource="c:\program files (x86)\arcgis\desktop10.3\ArcToolbox\Toolboxes\Conversion Tools.tbx\RasterToPolygon" Date="20170109" Time="102250">RasterToPolygon pondbranch "C:\Users\jncole\Desktop\Work\Shapefiles\Pond Branch\Pond Branch.shp" NO_SIMPLIFY VALUE</Process><Process ToolSource="c:\program files (x86)\arcgis\desktop10.3\ArcToolbox\Toolboxes\Data Management Tools.tbx\AddField" Date="20170109" Time="102550">AddField "Pond Branch" km2 DOUBLE # # # # NULLABLE NON_REQUIRED #</Process><Process ToolSource="c:\program files (x86)\arcgis\desktop10.3\ArcToolbox\Toolboxes\Data Management Tools.tbx\AddField" Date="20170109" Time="104457">AddField "Pond Branch" SqMiles DOUBLE # # # # NULLABLE NON_REQUIRED #</Process><Process ToolSource="c:\program files (x86)\arcgis\desktop10.3\ArcToolbox\Toolboxes\Data Management Tools.tbx\AddField" Date="20170109" Time="104816">AddField "Pond Branch" ha DOUBLE # # # # NULLABLE NON_REQUIRED #</Process><Process ToolSource="c:\program files (x86)\arcgis\desktop10.3\ArcToolbox\Toolboxes\Data Management Tools.tbx\DeleteField" Date="20170109" Time="104915">DeleteField "Pond Branch" GRIDCODE</Process><Process ToolSource="c:\program files (x86)\arcgis\desktop10.3\ArcToolbox\Toolboxes\Data Management Tools.tbx\DeleteField" Date="20170109" Time="105436">DeleteField "Pond Branch" ID</Process></lineage><itemProps><itemLocation><linkage Sync="TRUE">file://\\aquifer.umbc.edu\gisdata\zReorganization\BES Watersheds\Boundaries 2016\30m\Shapefile\pond_br_30m</linkage><protocol Sync="TRUE">Local Area Network</protocol></itemLocation></itemProps><copyHistory><copy source="Z:\zReorganization\BES Watersheds\Boundaries 2016\30m\pond_br_30m" dest="\\aquifer.umbc.edu\gisdata\zReorganization\BES Watersheds\Boundaries 2016\30m\Shapefile\pond_br_30m" date="20170908" time="09275500"></copy></copyHistory></DataProperties></Esri></metadata>
