<?xml version="1.0" encoding="UTF-8"?>
<metadata xml:lang="en"><Esri><CreaDate>20170109</CreaDate><CreaTime>10224900</CreaTime><ArcGISFormat>1.0</ArcGISFormat><SyncOnce>TRUE</SyncOnce><DataProperties><lineage><Process ToolSource="c:\program files (x86)\arcgis\desktop10.3\ArcToolbox\Toolboxes\Conversion Tools.tbx\RasterToPolygon" Date="20170109" Time="102249">RasterToPolygon villanova "C:\Users\jncole\Desktop\Work\Shapefiles\Villa Nova\Villa Nova.shp" NO_SIMPLIFY VALUE</Process><Process ToolSource="c:\program files (x86)\arcgis\desktop10.3\ArcToolbox\Toolboxes\Data Management Tools.tbx\AddField" Date="20170109" Time="102550">AddField "villa nova" km2 DOUBLE # # # # NULLABLE NON_REQUIRED #</Process><Process ToolSource="c:\program files (x86)\arcgis\desktop10.3\ArcToolbox\Toolboxes\Data Management Tools.tbx\AddField" Date="20170109" Time="104457">AddField "villa nova" SqMiles DOUBLE # # # # NULLABLE NON_REQUIRED #</Process><Process ToolSource="c:\program files (x86)\arcgis\desktop10.3\ArcToolbox\Toolboxes\Data Management Tools.tbx\AddField" Date="20170109" Time="104816">AddField "villa nova" ha DOUBLE # # # # NULLABLE NON_REQUIRED #</Process><Process ToolSource="c:\program files (x86)\arcgis\desktop10.3\ArcToolbox\Toolboxes\Data Management Tools.tbx\DeleteField" Date="20170109" Time="104915">DeleteField "villa nova" GRIDCODE</Process><Process ToolSource="c:\program files (x86)\arcgis\desktop10.3\ArcToolbox\Toolboxes\Data Management Tools.tbx\DeleteField" Date="20170109" Time="105436">DeleteField "villa nova" ID</Process></lineage><itemProps><itemLocation><linkage Sync="TRUE">file://\\aquifer.umbc.edu\gisdata\zReorganization\BES Watersheds\Boundaries 2016\30m\Shapefile\villa_nova_30m</linkage><protocol Sync="TRUE">Local Area Network</protocol></itemLocation></itemProps><copyHistory><copy source="Z:\zReorganization\BES Watersheds\Boundaries 2016\30m\villa_nova_30m" dest="\\aquifer.umbc.edu\gisdata\zReorganization\BES Watersheds\Boundaries 2016\30m\Shapefile\villa_nova_30m" date="20170908" time="09275800"></copy></copyHistory></DataProperties></Esri></metadata>
