<?xml version="1.0" encoding="UTF-8"?>
<metadata xml:lang="en"><Esri><CreaDate>20170914</CreaDate><CreaTime>13014600</CreaTime><ArcGISFormat>1.0</ArcGISFormat><SyncOnce>TRUE</SyncOnce><DataProperties><itemProps><itemLocation><linkage Sync="TRUE">file://\\CUERE-9\C$\Users\jl\Desktop\Results\01m\Shapefiles\gwynnbrook_5m</linkage><protocol Sync="TRUE">Local Area Network</protocol></itemLocation></itemProps><copyHistory><copy source="Z:\zReorganization\BES Watersheds\Boundaries 2016\05m\Shapefiles\gwynnbrook_5m" dest="\\CUERE-9\C$\Users\jl\Desktop\Results\01m\Shapefiles\gwynnbrook_5m" date="20170914" time="13014600"></copy></copyHistory></DataProperties></Esri></metadata>
